Sale_ID,Month,Year,Brand,Car_Model,City,Region,Units_Sold,Avg_Price_Lakh,Discount_Pct,Revenue_Crore,Dealer_ID
10041,August,2025,Tata Motors,Altroz,Mumbai,West,6100,7.9,2.44,0.48,DLR-102
10023,August,2025,Hyundai,i20,Delhi,North,7200,9.1,6.91,0.66,DLR-104
10056,August,2026,Mahindra,Scorpio,Bengaluru,South,9098,19.16,2.37,1.74,DLR-119
10073,August,2025,Kia,Seltos,Mumbai,West,6900,16.0,6.82,1.1,DLR-118
10001,August,2025,Maruti Suzuki,Swift,Delhi,North,14500,12.4,6.82,1.8,DLR-108
10027,August,2025,Hyundai,Verna,Bengaluru,South,4200,12.0,2.73,0.5,DLR-114
10040,August,2026,Tata Motors,Punch,Mumbai,West,15548,8.68,2.05,1.35,DLR-123
10068,August,2026,Mahindra,Thar Roxx,Mumbai,West,5595,17.91,3.72,1.0,DLR-104
10011,August,2025,Maruti Suzuki,WagonR,Mumbai,West,15200,7.4,7.02,1.12,DLR-103
10045,August,2025,Tata Motors,Harrier,Kolkata,East,3200,15.8,4.3,0.51,DLR-114
10084,August,2026,Kia,EV6,Bengaluru,South,192,69.88,3.98,0.13,DLR-108
10036,August,2026,Hyundai,Grand i10 Nios,Chennai,South,5405,7.57,4.75,0.41,DLR-107
10008,August,2026,Maruti Suzuki,Fronx,Delhi,North,15070,11.41,6.74,1.72,DLR-118
10063,August,2025,Mahindra,XUV 3XO,Delhi,North,8900,10.5,4.98,0.93,DLR-119
10013,August,2025,Maruti Suzuki,Ertiga,Mumbai,West,9800,12.5,4.41,1.23,
10005,August,2025,Maruti Suzuki,Brezza,Delhi,North,14200,11.2,6.93,1.59,DLR-106
10019,August,2025,Hyundai,Creta,Bengaluru,South,11200,15.8,3.38,1.77,DLR-116
10029,August,2025,Hyundai,Tucson,Delhi,North,1800,29.5,7.66,0.53,DLR-110
10050,August,2026,Tata Motors,Curvv,Chennai,South,4733,13.66,7.43,0.65,DLR-103
10066,August,2026,Mahindra,Scorpio N,Chennai,South,8379,18.83,6.57,1.58,DLR-120
10016,August,2026,Maruti Suzuki,Dzire,Chennai,South,13619,8.71,3.43,1.19,DLR-111
10069,August,2025,Mahindra,Marazzo,Mumbai,West,700,14.0,3.77,0.1,DLR-120
10079,August,2025,Kia,Syros,Mumbai,West,3100,9.2,8.02,0.29,DLR-108
10031,August,2025,Hyundai,Alcazar,Chennai,South,3100,20.5,7.97,0.64,DLR-120
10034,August,2026,Hyundai,Aura,Delhi,North,4096,8.29,8.36,0.34,DLR-118
10012,August,2026,Maruti Suzuki,WagonR,Kolkata,East,17368,7.93,3.81,1.38,DLR-121
10067,August,2025,Mahindra,Thar Roxx,Chennai,South,5200,,2.05,0.88,DLR-118
10070,August,2026,Mahindra,Marazzo,Bengaluru,South,746,14.57,5.29,0.11,DLR-109
10032,August,2026,Hyundai,Alcazar,Bengaluru,South,3345,20.93,7.71,0.7,DLR-110
10078,August,2026,Kia,Carens,Bengaluru,South,5834,13.14,7.07,0.77,DLR-114
10010,August,2026,Maruti Suzuki,Grand Vitara,Bengaluru,South,11965,18.18,5.75,2.18,DLR-123
10071,August,2025,Mahindra,XUV400,Delhi,North,1200,16.8,2.6,0.2,DLR-114
10006,August,2026, maruti suzuki ,Brezza,Mumbai,West,15958,11.65,3.4,1.86,DLR-125
10043,August,2025,Tata Motors, Nexon ,Mumbai,West,6800,6.8,6.7,0.46,DLR-119
10048,August,2026,Tata Motors,Safari,Mumbai,West,3092,19.03,3.81,0.59,DLR-108
10017,August,2025,Maruti Suzuki,Jimny,Delhi,North,3100,14.8,3.49,0.46,DLR-102
10046,August,2026,Tata Motors,Harrier,Delhi,North,3507,16.81,2.39,0.59,DLR-124
10035,August,2025,Hyundai,Grand i10 Nios,Mumbai,West,5100,7.2,6.29,0.37,DLR-118
10008,August,2026,Maruti Suzuki,Fronx,Delhi,North,15070,11.41,6.74,1.72,DLR-118
10081,August,2025,Kia,Carnival,Bengaluru,South,650,63.0,7.09,0.41,DLR-114
10028,August,2026,Hyundai,Verna,Bengaluru,South,4448,12.24,8.32,0.54,DLR-125
10020,August,2026,Hyundai,Creta,Kolkata,East,12180,16.98,2.93,2.07,DLR-105
10077,August,2025,Kia,Carens,Delhi,North,5200,12.4,7.84,0.64,DLR-107
10026,August,2026,Hyundai,Exter,Delhi,North,9489,7.96,6.43,0.76,DLR-118
10054,August,2026,Tata Motors,Tiago EV,Chennai,South,1182,9.03,6.3,0.11,DLR-116
10014,August,2026,Maruti Suzuki,Ertiga,Delhi,North,10980,13.28,5.96,1.46,DLR-106
10025,August,2025,Hyundai,Exter,Kolkata,East,8300,7.8,5.44,0.65,DLR-118
10004,August,2026,Maruti Suzuki,Baleno,Chennai,South,13124,10.64,4.73,1.4,DLR-115
10018,August,2026,Maruti Suzuki,Jimny,mumbai,North,3523,15.45,3.37,0.54,DLR-119
10039,August,2025,Tata Motors,Punch,Mumbai,West,14000,8.4,,1.18,DLR-101
10009,August,2025,Maruti Suzuki,Grand Vitara,Kolkata,East,10500,17.2,2.51,1.81,DLR-110
10074,August,2026,Kia,Seltos,Delhi,east,7760,16.86,2.49,1.31,DLR-123
10007,August,2025,Maruti Suzuki,Fronx,Delhi,North,13200,10.8,4.47,1.43,DLR-112
10090,August,2026,Kia,Sonet X-Line,Chennai,South,1078,14.12,2.75,0.15,DLR-119
10037,August,2025,Tata Motors,Nexon,Mumbai,West,12500,12.8,6.63,1.6,DLR-113
10088,August,2026,Kia,Seltos X-Line,Mumbai,West,1159,20.7,5.77,0.24,DLR-109
10057,August,2025,Mahindra,XUV700,Chennai,South,7600,19.8,3.02,1.5,DLR-117
10062,August,2026,Mahindra,Bolero,Bengaluru,South,6519,10.65,4.97,0.69,DLR-125
10055,August,2025,Mahindra,Scorpio,Bengaluru,South,8200,18.2,3.42,999.99,DLR-102
10044,August,2026,Tata Motors,Tiago,Kolkata,East,7542,7.04,7.25,0.53,DLR-107
10051,August,2025,Tata Motors,Nexon EV,Mumbai,West,1900,16.5,3.08,0.31,DLR-116
10076,August,2026,Kia,Sonet,Mumbai,West,8657,11.11,2.27,0.96,DLR-112
10047,August,2025,Tata Motors,Safari,Delhi,North,2800,18.5,3.62,0.52,DLR-107
10065,August,2025,Mahindra,Scorpio N,Delhi,North,7800,18.0,7.72,1.4,DLR-112
10062,August,2026,Mahindra,Bolero,Bengaluru,South,6519,10.65,4.97,0.69,DLR-125
10025,August,2025,Hyundai,Exter,Kolkata,East,8300,7.8,5.44,0.65,DLR-118
10085,August,2025,Kia,EV9,Mumbai,West,75,129.0,4.59,0.1,DLR-109
10042,August,2026,Tata Motors,Altroz,Mumbai,West,6973,8.09,3.81,0.56,DLR-116
10059,August,2025,Mahindra,Thar,Chennai,South,7100,16.5,3.6,1.17,DLR-120
10049,August,2025,Tata Motors,Curvv,Delhi,North,4500,12.9,4.88,0.58,DLR-118
10082,Aug,2026,Kia,Carnival,Mumbai,West,739,67.53,3.73,0.5,DLR-123
10058,August,2026,Mahindra,XUV700,Chennai,South,7977,20.42,2.44,1.63,DLR-108
10033,August,2025,Hyundai,Aura,Mumbai,West,3900,7.9,7.71,0.31,DLR-103
10089,August,2025,Kia,Sonet X-Line,Chennai,South,950,13.5,4.82,0.13,DLR-124
10060,August,2026,Mahindra,Thar,Chennai,South,7418,16.91,5.67,1.25,DLR-111
10064,August,2026,Mahindra,XUV 3XO,Mumbai,West,10320,10.76,5.29,1.11,DLR-105
10080,August,2026,Kia,Syros,Mumbai,West,3546,9.92,7.73,0.35,DLR-101
10038,August,2026,Tata Motors,Nexon,Kolkata,East,14493,13.56,7.85,1.97,DLR-115
10030,August,2026,Hyundai,Tucson,Mumbai,West,-250,30.99,2.99,0.64,DLR-125
10002,August,2026,Maruti Suzuki,Swift,Chennai,South,15468,13.2,2.57,2.04,DLR-114
10053,August,2025,Tata Motors,Tiago EV,Bengaluru,South,1100,8.5,8.02,0.09,DLR-115
10022,August,2026,Hyundai,Venue,Kolkata,East,10102,13.1,4.35,1.32,DLR-105
10003,August,2025,Maruti Suzuki,Baleno,Delhi,North,11800,10.1,3.42,1.19,DLR-117
10024,August,2026,Hyundai,i20,Kolkata,East,7620,9.37,5.88,0.71,DLR-113
10086,August,2026,Kia,EV9,Bengaluru,South,86,139.06,4.28,0.12,DLR-117
10075,August,2025,Kia,Sonet,Chennai,South,7800,10.8,2.23,0.84,DLR-112
10087,August,2025,Kia,Seltos X-Line,Chennai,South,1100,19.2,4.15,0.21,DLR-101
10083,August,2025,Kia,EV6,Delhi,North,180,65.0,7.58,0.12,DLR-108
10021,August,2025,Hyundai,Venue,Chennai,South,9100,12.2,5.5,1.11,DLR-124
10061,August,2025,Mahindra,Bolero,Mumbai,West,6100,10.2,6.35,0.62,DLR-111
10072,August,2026,Mahindra,XUV400,Bengaluru,South,1367,17.18,7.01,0.23,DLR-121
10015,August,2025,Maruti Suzuki,Dzire,Mumbai,West,12700,8.1,3.06,1.03,DLR-113
10052,August,2026,Tata Motors,Nexon EV,Delhi,North,2086,17.69,3.07,0.37,DLR-101
